sender,recipient,timestamp,from_ip,mac
carrie64@ford.com,jrobinson@securetech.com,Feb 06 21:08:15,23.74.164.69,unknown
jrobinson@securetech.com,jwhite@securetech.com,Feb 07 2:06:16,23.74.164.69,f9:cb:e3:f4:18:5c
jrobinson@securetech.com,dking@securetech.com,Feb 07 2:06:18,23.74.164.69,f9:cb:e3:f4:18:5c
jrobinson@securetech.com,aroman@securetech.com,Feb 07 2:06:20,23.74.164.69,f9:cb:e3:f4:18:5c
jrobinson@securetech.com,ncardenas@securetech.com,Feb 07 2:06:21,23.74.164.69,f9:cb:e3:f4:18:5c
jrobinson@securetech.com,bmccall@securetech.com,Feb 07 2:06:25,23.74.164.69,f9:cb:e3:f4:18:5c
jrobinson@securetech.com,mbutler@securetech.com,Feb 07 2:06:28,23.74.164.69,f9:cb:e3:f4:18:5c
jrobinson@securetech.com,rmoses@securetech.com,Feb 07 2:06:30,23.74.164.69,f9:cb:e3:f4:18:5c
jrobinson@securetech.com,thiggins@securetech.com,Feb 07 2:06:32,23.74.164.69,f9:cb:e3:f4:18:5c
jrobinson@securetech.com,abaxter@securetech.com,Feb 07 2:06:33,23.74.164.69,f9:cb:e3:f4:18:5c
jrobinson@securetech.com,djordan@securetech.com,Feb 07 2:06:34,23.74.164.69,f9:cb:e3:f4:18:5c
jrobinson@securetech.com,mmichael@securetech.com,Feb 07 2:06:35,23.74.164.69,f9:cb:e3:f4:18:5c
jrobinson@securetech.com,aharrell@securetech.com,Feb 07 2:06:38,23.74.164.69,f9:cb:e3:f4:18:5c
jrobinson@securetech.com,bbarron@securetech.com,Feb 07 2:06:42,23.74.164.69,f9:cb:e3:f4:18:5c
jrobinson@securetech.com,rgardner@securetech.com,Feb 07 2:06:46,23.74.164.69,f9:cb:e3:f4:18:5c
jrobinson@securetech.com,jbarber@securetech.com,Feb 07 2:06:50,23.74.164.69,f9:cb:e3:f4:18:5c
jrobinson@securetech.com,lsmith@securetech.com,Feb 07 2:06:55,23.74.164.69,f9:cb:e3:f4:18:5c
jrobinson@securetech.com,dcollins@securetech.com,Feb 07 2:06:59,23.74.164.69,f9:cb:e3:f4:18:5c
jrobinson@securetech.com,mespinoza@securetech.com,Feb 07 2:07:02,23.74.164.69,f9:cb:e3:f4:18:5c
jrobinson@securetech.com,akeith@securetech.com,Feb 07 2:07:03,23.74.164.69,f9:cb:e3:f4:18:5c
jrobinson@securetech.com,ftravis@securetech.com,Feb 07 2:07:05,23.74.164.69,f9:cb:e3:f4:18:5c
jrobinson@securetech.com,dmendoza@securetech.com,Feb 07 2:07:06,23.74.164.69,f9:cb:e3:f4:18:5c
jrobinson@securetech.com,dreed@securetech.com,Feb 07 2:07:09,23.74.164.69,f9:cb:e3:f4:18:5c
jrobinson@securetech.com,mjenkins@securetech.com,Feb 07 2:07:12,23.74.164.69,f9:cb:e3:f4:18:5c
jrobinson@securetech.com,jlee@securetech.com,Feb 07 2:07:16,23.74.164.69,f9:cb:e3:f4:18:5c
jrobinson@securetech.com,vleach@securetech.com,Feb 07 2:07:18,23.74.164.69,f9:cb:e3:f4:18:5c
jrobinson@securetech.com,tmedina@securetech.com,Feb 07 2:07:20,23.74.164.69,f9:cb:e3:f4:18:5c
jrobinson@securetech.com,jmason@securetech.com,Feb 07 2:07:21,23.74.164.69,f9:cb:e3:f4:18:5c
jrobinson@securetech.com,thoward@securetech.com,Feb 07 2:07:22,23.74.164.69,f9:cb:e3:f4:18:5c
jrobinson@securetech.com,lgreen@securetech.com,Feb 07 2:07:27,23.74.164.69,f9:cb:e3:f4:18:5c
jrobinson@securetech.com,jball@securetech.com,Feb 07 2:07:32,23.74.164.69,f9:cb:e3:f4:18:5c
jrobinson@securetech.com,sritter@securetech.com,Feb 07 2:07:37,23.74.164.69,f9:cb:e3:f4:18:5c
jrobinson@securetech.com,kgarcia@securetech.com,Feb 07 2:07:38,23.74.164.69,f9:cb:e3:f4:18:5c
jrobinson@securetech.com,rhoffman@securetech.com,Feb 07 2:07:40,23.74.164.69,f9:cb:e3:f4:18:5c
jrobinson@securetech.com,cstanley@securetech.com,Feb 07 2:07:42,23.74.164.69,f9:cb:e3:f4:18:5c
jrobinson@securetech.com,aho@securetech.com,Feb 07 2:07:43,23.74.164.69,f9:cb:e3:f4:18:5c
jrobinson@securetech.com,cberger@securetech.com,Feb 07 2:07:45,23.74.164.69,f9:cb:e3:f4:18:5c
jrobinson@securetech.com,sgray@securetech.com,Feb 07 2:07:48,23.74.164.69,f9:cb:e3:f4:18:5c
jrobinson@securetech.com,troberts@securetech.com,Feb 07 2:07:52,23.74.164.69,f9:cb:e3:f4:18:5c
jrobinson@securetech.com,anguyen@securetech.com,Feb 07 2:07:55,23.74.164.69,f9:cb:e3:f4:18:5c
jrobinson@securetech.com,mnelson@securetech.com,Feb 07 2:07:56,23.74.164.69,f9:cb:e3:f4:18:5c
jrobinson@securetech.com,cedwards@securetech.com,Feb 07 2:07:57,23.74.164.69,f9:cb:e3:f4:18:5c
jrobinson@securetech.com,jfoster@securetech.com,Feb 07 2:08:01,23.74.164.69,f9:cb:e3:f4:18:5c
jrobinson@securetech.com,kallen@securetech.com,Feb 07 2:08:03,23.74.164.69,f9:cb:e3:f4:18:5c
jrobinson@securetech.com,smoreno@securetech.com,Feb 07 2:08:08,23.74.164.69,f9:cb:e3:f4:18:5c
jrobinson@securetech.com,ahogan@securetech.com,Feb 07 2:08:10,23.74.164.69,f9:cb:e3:f4:18:5c
jrobinson@securetech.com,ksanders@securetech.com,Feb 07 2:08:12,23.74.164.69,f9:cb:e3:f4:18:5c
jrobinson@securetech.com,kthompson@securetech.com,Feb 07 2:08:16,23.74.164.69,f9:cb:e3:f4:18:5c
jrobinson@securetech.com,dpotter@securetech.com,Feb 07 2:08:19,23.74.164.69,f9:cb:e3:f4:18:5c
jrobinson@securetech.com,lcortez@securetech.com,Feb 07 2:08:21,23.74.164.69,f9:cb:e3:f4:18:5c
jrobinson@securetech.com,fwilliamson@securetech.com,Feb 07 2:08:22,23.74.164.69,f9:cb:e3:f4:18:5c
jrobinson@securetech.com,sboyd@securetech.com,Feb 07 2:08:27,23.74.164.69,f9:cb:e3:f4:18:5c
jrobinson@securetech.com,bhowell@securetech.com,Feb 07 2:08:30,23.74.164.69,f9:cb:e3:f4:18:5c
jrobinson@securetech.com,smorgan@securetech.com,Feb 07 2:08:32,23.74.164.69,f9:cb:e3:f4:18:5c
jrobinson@securetech.com,bgonzalez@securetech.com,Feb 07 2:08:34,23.74.164.69,f9:cb:e3:f4:18:5c
jrobinson@securetech.com,aaguirre@securetech.com,Feb 07 2:08:35,23.74.164.69,f9:cb:e3:f4:18:5c
jrobinson@securetech.com,jsmith@securetech.com,Feb 07 2:08:39,23.74.164.69,f9:cb:e3:f4:18:5c
jrobinson@securetech.com,bho@securetech.com,Feb 07 2:08:41,23.74.164.69,f9:cb:e3:f4:18:5c
jrobinson@securetech.com,jbarry@securetech.com,Feb 07 2:08:44,23.74.164.69,f9:cb:e3:f4:18:5c
jrobinson@securetech.com,jjacobs@securetech.com,Feb 07 2:08:46,23.74.164.69,f9:cb:e3:f4:18:5c
jrobinson@securetech.com,cvaldez@securetech.com,Feb 07 2:08:48,23.74.164.69,f9:cb:e3:f4:18:5c
jrobinson@securetech.com,mhannah@securetech.com,Feb 07 2:08:52,23.74.164.69,f9:cb:e3:f4:18:5c
jrobinson@securetech.com,lrussell@securetech.com,Feb 07 2:08:56,23.74.164.69,f9:cb:e3:f4:18:5c
jrobinson@securetech.com,etran@securetech.com,Feb 07 2:08:59,23.74.164.69,f9:cb:e3:f4:18:5c
jrobinson@securetech.com,lgriffin@securetech.com,Feb 07 2:09:02,23.74.164.69,f9:cb:e3:f4:18:5c
jrobinson@securetech.com,rsingleton@securetech.com,Feb 07 2:09:05,23.74.164.69,f9:cb:e3:f4:18:5c
jrobinson@securetech.com,adudley@securetech.com,Feb 07 2:09:10,23.74.164.69,f9:cb:e3:f4:18:5c
jrobinson@securetech.com,tlawson@securetech.com,Feb 07 2:09:14,23.74.164.69,f9:cb:e3:f4:18:5c
jrobinson@securetech.com,sdoyle@securetech.com,Feb 07 2:09:16,23.74.164.69,f9:cb:e3:f4:18:5c
jrobinson@securetech.com,jbaker@securetech.com,Feb 07 2:09:21,23.74.164.69,f9:cb:e3:f4:18:5c
jrobinson@securetech.com,aroberts@securetech.com,Feb 07 2:09:25,23.74.164.69,f9:cb:e3:f4:18:5c
jrobinson@securetech.com,kjohnson@securetech.com,Feb 07 2:09:29,23.74.164.69,f9:cb:e3:f4:18:5c
jrobinson@securetech.com,mmorales@securetech.com,Feb 07 2:09:34,23.74.164.69,f9:cb:e3:f4:18:5c
jrobinson@securetech.com,kjones@securetech.com,Feb 07 2:09:39,23.74.164.69,f9:cb:e3:f4:18:5c
jrobinson@securetech.com,awilson@securetech.com,Feb 07 2:09:43,23.74.164.69,f9:cb:e3:f4:18:5c
jrobinson@securetech.com,jmendoza@securetech.com,Feb 07 2:09:48,23.74.164.69,f9:cb:e3:f4:18:5c
jrobinson@securetech.com,pmccoy@securetech.com,Feb 07 2:09:49,23.74.164.69,f9:cb:e3:f4:18:5c
jrobinson@securetech.com,scalhoun@securetech.com,Feb 07 2:09:52,23.74.164.69,f9:cb:e3:f4:18:5c
jrobinson@securetech.com,jhampton@securetech.com,Feb 07 2:09:55,23.74.164.69,f9:cb:e3:f4:18:5c
jrobinson@securetech.com,nmiranda@securetech.com,Feb 07 2:09:58,23.74.164.69,f9:cb:e3:f4:18:5c
jrobinson@securetech.com,tpeters@securetech.com,Feb 07 2:10:01,23.74.164.69,f9:cb:e3:f4:18:5c
jrobinson@securetech.com,spope@securetech.com,Feb 07 2:10:03,23.74.164.69,f9:cb:e3:f4:18:5c